<?xml version="1.0" encoding="UTF-8" standalone="yes"?>
<addon id="plugin.video.Vnormus"                                                                                                                                    
	   name="Vnormus"                      
	   version="1.0.4"                                                                                                                                        
	   provider-name="Vnormus">
	   <requires>
    <import addon="script.module.urlresolver"/>
    <import addon="xbmc.python" version="2.1.0"/>
  </requires>
  <extension point="xbmc.python.pluginsource"
            library="default.py">
        <provides>video</provides>
  </extension>
  <extension point="xbmc.addon.metadata">
    <summary lang="he"></summary>
    <description lang="he">ערוצי טלוויזיה</description>
    <platform>all</platform>
  </extension>
</addon>